person_id,company_id
P0,C87
P1,C10
P2,C103
P3,C43
P4,C114
P5,C98
P6,C92
P7,C166
P8,C87
P9,C184
P10,C131
P11,C60
P12,C107
P13,C90
P14,C10
P15,C107
P16,C107
P17,C192
P18,C150
P19,C54
P20,C163
P21,C157
P22,C124
P23,C121
P24,C20
P25,C94
P26,C7
P27,C71
P28,C37
P29,C123
P30,C86
P31,C141
P32,C103
P33,C22
P34,C48
P35,C84
P36,C169
P37,C51
P38,C196
P39,C1
P40,C167
P41,C31
P42,C198
P43,C65
P44,C105
P45,C15
P46,C59
P47,C34
P48,C113
P49,C154
P50,C146
P51,C142
P52,C47
P53,C161
P54,C191
P55,C126
P56,C53
P57,C21
P58,C8
P59,C175
P60,C42
P61,C141
P62,C76
P63,C138
P64,C185
P65,C141
P66,C72
P67,C127
P68,C119
P69,C12
P70,C14
P71,C149
P72,C127
P73,C4
P74,C182
P75,C73
P76,C35
P77,C132
P78,C31
P79,C151
P80,C68
P81,C167
P82,C21
P83,C52
P84,C137
P85,C21
P86,C73
P87,C138
P88,C194
P89,C179
P90,C42
P91,C67
P92,C103
P93,C101
P94,C143
P95,C140
P96,C198
P97,C127
P98,C32
P99,C161
P100,C149
P101,C81
P102,C98
P103,C18
P104,C59
P105,C44
P106,C2
P107,C111
P108,C168
P109,C58
P110,C6
P111,C191
P112,C153
P113,C133
P114,C11
P115,C2
P116,C192
P117,C148
P118,C139
P119,C179
P120,C56
P121,C136
P122,C135
P123,C26
P124,C21
P125,C6
P126,C170
P127,C191
P128,C50
P129,C5
P130,C123
P131,C88
P132,C98
P133,C137
P134,C14
P135,C159
P136,C195
P137,C70
P138,C137
P139,C96
P140,C68
P141,C4
P142,C138
P143,C123
P144,C37
P145,C7
P146,C164
P147,C1
P148,C133
P149,C173
P150,C60
P151,C49
P152,C39
P153,C120
P154,C168
P155,C190
P156,C8
P157,C170
P158,C180
P159,C195
P160,C49
P161,C1
P162,C142
P163,C55
P164,C56
P165,C134
P166,C88
P167,C167
P168,C194
P169,C182
P170,C5
P171,C68
P172,C32
P173,C77
P174,C160
P175,C162
P176,C62
P177,C186
P178,C39
P179,C29
P180,C44
P181,C120
P182,C115
P183,C106
P184,C109
P185,C169
P186,C47
P187,C71
P188,C78
P189,C80
P190,C174
P191,C179
P192,C172
P193,C166
P194,C184
P195,C139
P196,C167
P197,C117
P198,C159
P199,C20
P200,C108
P201,C11
P202,C65
P203,C66
P204,C57
P205,C67
P206,C159
P207,C116
P208,C194
P209,C8
P210,C28
P211,C197
P212,C175
P213,C145
P214,C28
P215,C115
P216,C32
P217,C120
P218,C3
P219,C146
P220,C74
P221,C41
P222,C173
P223,C179
P224,C135
P225,C5
P226,C31
P227,C147
P228,C162
P229,C127
P230,C149
P231,C54
P232,C193
P233,C151
P234,C123
P235,C42
P236,C69
P237,C85
P238,C37
P239,C197
P240,C163
P241,C51
P242,C97
P243,C172
P244,C88
P245,C154
P246,C76
P247,C14
P248,C198
P249,C59
P250,C57
P251,C190
P252,C79
P253,C195
P254,C53
P255,C27
P256,C151
P257,C141
P258,C38
P259,C60
P260,C160
P261,C105
P262,C12
P263,C2
P264,C132
P265,C61
P266,C129
P267,C20
P268,C49
P269,C148
P270,C12
P271,C162
P272,C32
P273,C90
P274,C161
P275,C29
P276,C174
P277,C185
P278,C97
P279,C149
P280,C142
P281,C54
P282,C32
P283,C19
P284,C147
P285,C12
P286,C110
P287,C117
P288,C82
P289,C109
P290,C134
P291,C172
P292,C168
P293,C136
P294,C160
P295,C142
P296,C129
P297,C187
P298,C188
P299,C65
P300,C84
P301,C173
P302,C104
P303,C11
P304,C109
P305,C117
P306,C128
P307,C4
P308,C83
P309,C78
P310,C28
P311,C103
P312,C1
P313,C199
P314,C111
P315,C113
P316,C133
P317,C127
P318,C151
P319,C22
P320,C8
P321,C50
P322,C14
P323,C181
P324,C6
P325,C85
P326,C13
P327,C43
P328,C94
P329,C85
P330,C192
P331,C102
P332,C121
P333,C164
P334,C192
P335,C82
P336,C184
P337,C16
P338,C61
P339,C131
P340,C160
P341,C2
P342,C132
P343,C154
P344,C129
P345,C157
P346,C170
P347,C131
P348,C167
P349,C164
P350,C133
P351,C15
P352,C46
P353,C126
P354,C30
P355,C120
P356,C108
P357,C162
P358,C64
P359,C21
P360,C94
P361,C37
P362,C84
P363,C59
P364,C161
P365,C84
P366,C185
P367,C74
P368,C153
P369,C198
P370,C25
P371,C25
P372,C75
P373,C1
P374,C160
P375,C58
P376,C97
P377,C98
P378,C112
P379,C9
P380,C152
P381,C141
P382,C12
P383,C6
P384,C5
P385,C88
P386,C136
P387,C84
P388,C134
P389,C70
P390,C114
P391,C148
P392,C43
P393,C85
P394,C95
P395,C128
P396,C133
P397,C56
P398,C123
P399,C129
P400,C71
P401,C6
P402,C121
P403,C82
P404,C11
P405,C163
P406,C82
P407,C59
P408,C69
P409,C74
P410,C193
P411,C120
P412,C172
P413,C39
P414,C198
P415,C162
P416,C120
P417,C180
P418,C170
P419,C107
P420,C142
P421,C69
P422,C8
P423,C74
P424,C199
P425,C11
P426,C103
P427,C122
P428,C146
P429,C18
P430,C165
P431,C11
P432,C12
P433,C55
P434,C99
P435,C163
P436,C141
P437,C71
P438,C88
P439,C9
P440,C67
P441,C193
P442,C30
P443,C123
P444,C190
P445,C3
P446,C104
P447,C101
P448,C160
P449,C137
P450,C42
P451,C74
P452,C126
P453,C25
P454,C6
P455,C50
P456,C114
P457,C117
P458,C155
P459,C99
P460,C100
P461,C130
P462,C192
P463,C100
P464,C133
P465,C4
P466,C187
P467,C130
P468,C124
P469,C149
P470,C107
P471,C199
P472,C141
P473,C159
P474,C79
P475,C59
P476,C15
P477,C6
P478,C86
P479,C23
P480,C33
P481,C167
P482,C98
P483,C102
P484,C71
P485,C46
P486,C38
P487,C48
P488,C144
P489,C155
P490,C109
P491,C2
P492,C119
P493,C83
P494,C116
P495,C79
P496,C95
P497,C162
P498,C87
P499,C119
P500,C57
P501,C139
P502,C167
P503,C99
P504,C54
P505,C34
P506,C172
P507,C170
P508,C185
P509,C34
P510,C157
P511,C81
P512,C22
P513,C51
P514,C158
P515,C133
P516,C11
P517,C195
P518,C122
P519,C171
P520,C43
P521,C30
P522,C68
P523,C90
P524,C26
P525,C49
P526,C73
P527,C127
P528,C114
P529,C193
P530,C172
P531,C149
P532,C36
P533,C182
P534,C93
P535,C185
P536,C167
P537,C183
P538,C60
P539,C96
P540,C115
P541,C57
P542,C141
P543,C1
P544,C72
P545,C78
P546,C77
P547,C110
P548,C187
P549,C138
P550,C130
P551,C38
P552,C180
P553,C21
P554,C162
P555,C111
P556,C101
P557,C170
P558,C45
P559,C41
P560,C26
P561,C193
P562,C121
P563,C118
P564,C178
P565,C182
P566,C33
P567,C192
P568,C191
P569,C85
P570,C12
P571,C117
P572,C149
P573,C3
P574,C92
P575,C169
P576,C71
P577,C92
P578,C75
P579,C86
P580,C186
P581,C18
P582,C32
P583,C196
P584,C27
P585,C197
P586,C145
P587,C194
P588,C71
P589,C167
P590,C42
P591,C91
P592,C18
P593,C191
P594,C117
P595,C98
P596,C70
P597,C86
P598,C113
P599,C171
P600,C0
P601,C42
P602,C124
P603,C60
P604,C197
P605,C133
P606,C13
P607,C75
P608,C169
P609,C183
P610,C13
P611,C112
P612,C30
P613,C5
P614,C136
P615,C174
P616,C174
P617,C111
P618,C84
P619,C118
P620,C30
P621,C77
P622,C1
P623,C50
P624,C35
P625,C195
P626,C173
P627,C1
P628,C9
P629,C27
P630,C126
P631,C144
P632,C158
P633,C94
P634,C133
P635,C71
P636,C166
P637,C118
P638,C187
P639,C36
P640,C93
P641,C175
P642,C88
P643,C15
P644,C171
P645,C52
P646,C149
P647,C70
P648,C148
P649,C95
P650,C96
P651,C105
P652,C31
P653,C29
P654,C182
P655,C124
P656,C60
P657,C155
P658,C196
P659,C2
P660,C94
P661,C47
P662,C115
P663,C66
P664,C56
P665,C132
P666,C99
P667,C123
P668,C142
P669,C93
P670,C195
P671,C1
P672,C186
P673,C139
P674,C62
P675,C192
P676,C39
P677,C30
P678,C38
P679,C162
P680,C89
P681,C58
P682,C127
P683,C175
P684,C127
P685,C184
P686,C13
P687,C149
P688,C78
P689,C66
P690,C199
P691,C188
P692,C185
P693,C158
P694,C187
P695,C38
P696,C93
P697,C95
P698,C88
P699,C100
P700,C180
P701,C148
P702,C122
P703,C3
P704,C93
P705,C121
P706,C45
P707,C149
P708,C32
P709,C183
P710,C164
P711,C83
P712,C178
P713,C175
P714,C138
P715,C88
P716,C146
P717,C119
P718,C52
P719,C175
P720,C115
P721,C105
P722,C122
P723,C85
P724,C188
P725,C157
P726,C134
P727,C10
P728,C57
P729,C111
P730,C104
P731,C101
P732,C51
P733,C117
P734,C58
P735,C131
P736,C29
P737,C3
P738,C168
P739,C167
P740,C57
P741,C130
P742,C80
P743,C164
P744,C74
P745,C181
P746,C29
P747,C30
P748,C80
P749,C13
P750,C48
P751,C60
P752,C105
P753,C133
P754,C149
P755,C153
P756,C160
P757,C186
P758,C157
P759,C32
P760,C138
P761,C148
P762,C182
P763,C22
P764,C160
P765,C12
P766,C80
P767,C116
P768,C164
P769,C172
P770,C81
P771,C55
P772,C28
P773,C76
P774,C190
P775,C76
P776,C141
P777,C12
P778,C122
P779,C192
P780,C115
P781,C106
P782,C159
P783,C4
P784,C36
P785,C57
P786,C170
P787,C81
P788,C24
P789,C30
P790,C193
P791,C158
P792,C124
P793,C125
P794,C133
P795,C132
P796,C155
P797,C2
P798,C25
P799,C184
P800,C125
P801,C107
P802,C168
P803,C139
P804,C95
P805,C6
P806,C36
P807,C86
P808,C18
P809,C137
P810,C184
P811,C2
P812,C158
P813,C184
P814,C124
P815,C15
P816,C124
P817,C192
P818,C65
P819,C194
P820,C165
P821,C22
P822,C45
P823,C54
P824,C6
P825,C69
P826,C166
P827,C153
P828,C149
P829,C129
P830,C156
P831,C67
P832,C59
P833,C125
P834,C196
P835,C175
P836,C147
P837,C173
P838,C83
P839,C180
P840,C179
P841,C155
P842,C155
P843,C96
P844,C148
P845,C77
P846,C6
P847,C163
P848,C188
P849,C58
P850,C195
P851,C96
P852,C100
P853,C129
P854,C176
P855,C180
P856,C6
P857,C192
P858,C123
P859,C147
P860,C179
P861,C16
P862,C169
P863,C175
P864,C1
P865,C169
P866,C181
P867,C3
P868,C102
P869,C35
P870,C31
P871,C53
P872,C94
P873,C194
P874,C90
P875,C16
P876,C63
P877,C6
P878,C162
P879,C80
P880,C166
P881,C98
P882,C168
P883,C14
P884,C170
P885,C164
P886,C69
P887,C177
P888,C142
P889,C51
P890,C162
P891,C47
P892,C147
P893,C74
P894,C67
P895,C85
P896,C151
P897,C100
P898,C179
P899,C96
P900,C43
P901,C53
P902,C4
P903,C190
P904,C198
P905,C72
P906,C116
P907,C15
P908,C135
P909,C111
P910,C9
P911,C69
P912,C48
P913,C179
P914,C98
P915,C33
P916,C41
P917,C51
P918,C98
P919,C32
P920,C72
P921,C56
P922,C103
P923,C45
P924,C89
P925,C39
P926,C99
P927,C64
P928,C118
P929,C56
P930,C31
P931,C85
P932,C45
P933,C136
P934,C104
P935,C190
P936,C181
P937,C73
P938,C61
P939,C86
P940,C198
P941,C154
P942,C16
P943,C116
P944,C193
P945,C186
P946,C145
P947,C145
P948,C189
P949,C104
P950,C186
P951,C130
P952,C58
P953,C163
P954,C12
P955,C47
P956,C90
P957,C49
P958,C119
P959,C162
P960,C198
P961,C174
P962,C107
P963,C94
P964,C10
P965,C12
P966,C162
P967,C136
P968,C88
P969,C168
P970,C109
P971,C31
P972,C135
P973,C154
P974,C149
P975,C184
P976,C52
P977,C143
P978,C156
P979,C90
P980,C84
P981,C196
P982,C30
P983,C13
P984,C150
P985,C140
P986,C9
P987,C173
P988,C39
P989,C13
P990,C167
P991,C29
P992,C158
P993,C53
P994,C75
P995,C9
P996,C124
P997,C90
P998,C133
P999,C6
P1000,C46
P1001,C152
P1002,C182
P1003,C164
P1004,C116
P1005,C125
P1006,C66
P1007,C73
P1008,C46
P1009,C174
P1010,C168
P1011,C142
P1012,C165
P1013,C147
P1014,C174
P1015,C49
P1016,C38
P1017,C126
P1018,C42
P1019,C27
P1020,C193
P1021,C36
P1022,C11
P1023,C28
P1024,C123
P1025,C61
P1026,C38
P1027,C121
P1028,C135
P1029,C64
P1030,C95
P1031,C93
P1032,C37
P1033,C37
P1034,C57
P1035,C130
P1036,C139
P1037,C3
P1038,C30
P1039,C28
P1040,C193
P1041,C75
P1042,C41
P1043,C121
P1044,C183
P1045,C98
P1046,C36
P1047,C185
P1048,C177
P1049,C110
P1050,C150
P1051,C77
P1052,C84
P1053,C158
P1054,C40
P1055,C43
P1056,C183
P1057,C113
P1058,C85
P1059,C40
P1060,C186
P1061,C102
P1062,C107
P1063,C178
P1064,C87
P1065,C21
P1066,C18
P1067,C40
P1068,C121
P1069,C172
P1070,C154
P1071,C176
P1072,C7
P1073,C180
P1074,C159
P1075,C184
P1076,C145
P1077,C99
P1078,C108
P1079,C181
P1080,C150
P1081,C48
P1082,C137
P1083,C23
P1084,C192
P1085,C171
P1086,C155
P1087,C184
P1088,C147
P1089,C164
P1090,C28
P1091,C188
P1092,C13
P1093,C81
P1094,C198
P1095,C140
P1096,C123
P1097,C81
P1098,C139
P1099,C134
P1100,C41
P1101,C101
P1102,C101
P1103,C124
P1104,C151
P1105,C62
P1106,C34
P1107,C169
P1108,C102
P1109,C102
P1110,C188
P1111,C33
P1112,C51
P1113,C142
P1114,C103
P1115,C41
P1116,C128
P1117,C5
P1118,C161
P1119,C23
P1120,C158
P1121,C65
P1122,C71
P1123,C163
P1124,C68
P1125,C82
P1126,C168
P1127,C143
P1128,C158
P1129,C79
P1130,C17
P1131,C107
P1132,C21
P1133,C46
P1134,C0
P1135,C87
P1136,C115
P1137,C189
P1138,C8
P1139,C140
P1140,C94
P1141,C32
P1142,C100
P1143,C55
P1144,C117
P1145,C152
P1146,C184
P1147,C63
P1148,C134
P1149,C110
P1150,C25
P1151,C118
P1152,C162
P1153,C154
P1154,C61
P1155,C109
P1156,C161
P1157,C169
P1158,C54
P1159,C28
P1160,C143
P1161,C107
P1162,C37
P1163,C185
P1164,C141
P1165,C130
P1166,C158
P1167,C22
P1168,C114
P1169,C53
P1170,C112
P1171,C111
P1172,C173
P1173,C185
P1174,C162
P1175,C74
P1176,C2
P1177,C136
P1178,C169
P1179,C85
P1180,C181
P1181,C27
P1182,C164
P1183,C86
P1184,C9
P1185,C121
P1186,C143
P1187,C9
P1188,C65
P1189,C157
P1190,C196
P1191,C107
P1192,C187
P1193,C187
P1194,C153
P1195,C150
P1196,C138
P1197,C137
P1198,C38
P1199,C160
P1200,C92
P1201,C13
P1202,C97
P1203,C71
P1204,C57
P1205,C58
P1206,C138
P1207,C143
P1208,C27
P1209,C84
P1210,C164
P1211,C36
P1212,C116
P1213,C50
P1214,C85
P1215,C67
P1216,C20
P1217,C103
P1218,C86
P1219,C154
P1220,C31
P1221,C5
P1222,C148
P1223,C161
P1224,C90
P1225,C18
P1226,C15
P1227,C2
P1228,C103
P1229,C1
P1230,C148
P1231,C141
P1232,C14
P1233,C75
P1234,C159
P1235,C72
P1236,C174
P1237,C181
P1238,C63
P1239,C68
P1240,C112
P1241,C90
P1242,C155
P1243,C158
P1244,C93
P1245,C115
P1246,C100
P1247,C47
P1248,C12
P1249,C160
P1250,C104
P1251,C20
P1252,C179
P1253,C98
P1254,C14
P1255,C156
P1256,C39
P1257,C187
P1258,C80
P1259,C6
P1260,C154
P1261,C186
P1262,C10
P1263,C172
P1264,C75
P1265,C19
P1266,C138
P1267,C73
P1268,C197
P1269,C155
P1270,C99
P1271,C112
P1272,C183
P1273,C144
P1274,C88
P1275,C174
P1276,C109
P1277,C161
P1278,C164
P1279,C14
P1280,C172
P1281,C3
P1282,C147
P1283,C139
P1284,C192
P1285,C132
P1286,C21
P1287,C190
P1288,C67
P1289,C125
P1290,C91
P1291,C66
P1292,C5
P1293,C16
P1294,C129
P1295,C31
P1296,C64
P1297,C99
P1298,C146
P1299,C112
P1300,C188
P1301,C14
P1302,C189
P1303,C199
P1304,C83
P1305,C22
P1306,C83
P1307,C172
P1308,C196
P1309,C153
P1310,C168
P1311,C136
P1312,C76
P1313,C189
P1314,C111
P1315,C113
P1316,C122
P1317,C118
P1318,C12
P1319,C76
P1320,C48
P1321,C123
P1322,C195
P1323,C103
P1324,C154
P1325,C27
P1326,C155
P1327,C194
P1328,C173
P1329,C87
P1330,C174
P1331,C108
P1332,C36
P1333,C71
P1334,C55
P1335,C117
P1336,C151
P1337,C129
P1338,C167
P1339,C41
P1340,C180
P1341,C171
P1342,C168
P1343,C142
P1344,C173
P1345,C29
P1346,C122
P1347,C92
P1348,C69
P1349,C142
P1350,C125
P1351,C122
P1352,C69
P1353,C86
P1354,C158
P1355,C131
P1356,C160
P1357,C148
P1358,C110
P1359,C170
P1360,C107
P1361,C196
P1362,C110
P1363,C171
P1364,C18
P1365,C15
P1366,C118
P1367,C64
P1368,C195
P1369,C180
P1370,C106
P1371,C77
P1372,C167
P1373,C0
P1374,C120
P1375,C142
P1376,C127
P1377,C199
P1378,C103
P1379,C33
P1380,C163
P1381,C13
P1382,C113
P1383,C30
P1384,C68
P1385,C29
P1386,C4
P1387,C178
P1388,C58
P1389,C145
P1390,C72
P1391,C96
P1392,C124
P1393,C67
P1394,C118
P1395,C87
P1396,C76
P1397,C71
P1398,C61
P1399,C35
P1400,C128
P1401,C56
P1402,C18
P1403,C63
P1404,C130
P1405,C2
P1406,C199
P1407,C125
P1408,C160
P1409,C7
P1410,C94
P1411,C24
P1412,C160
P1413,C125
P1414,C90
P1415,C37
P1416,C113
P1417,C199
P1418,C180
P1419,C107
P1420,C90
P1421,C123
P1422,C161
P1423,C14
P1424,C111
P1425,C11
P1426,C32
P1427,C182
P1428,C71
P1429,C133
P1430,C71
P1431,C15
P1432,C47
P1433,C127
P1434,C77
P1435,C68
P1436,C39
P1437,C101
P1438,C65
P1439,C97
P1440,C15
P1441,C37
P1442,C0
P1443,C168
P1444,C195
P1445,C29
P1446,C79
P1447,C103
P1448,C81
P1449,C7
P1450,C159
P1451,C93
P1452,C95
P1453,C70
P1454,C55
P1455,C189
P1456,C76
P1457,C132
P1458,C5
P1459,C42
P1460,C0
P1461,C151
P1462,C157
P1463,C180
P1464,C37
P1465,C188
P1466,C165
P1467,C181
P1468,C132
P1469,C78
P1470,C147
P1471,C101
P1472,C123
P1473,C12
P1474,C42
P1475,C190
P1476,C167
P1477,C166
P1478,C80
P1479,C160
P1480,C102
P1481,C90
P1482,C170
P1483,C106
P1484,C54
P1485,C152
P1486,C143
P1487,C39
P1488,C68
P1489,C147
P1490,C0
P1491,C181
P1492,C133
P1493,C195
P1494,C163
P1495,C26
P1496,C47
P1497,C50
P1498,C29
P1499,C179
P1500,C90
P1501,C17
P1502,C30
P1503,C154
P1504,C96
P1505,C179
P1506,C52
P1507,C103
P1508,C118
P1509,C70
P1510,C11
P1511,C96
P1512,C7
P1513,C61
P1514,C75
P1515,C6
P1516,C97
P1517,C12
P1518,C92
P1519,C64
P1520,C28
P1521,C79
P1522,C54
P1523,C8
P1524,C130
P1525,C106
P1526,C170
P1527,C191
P1528,C83
P1529,C148
P1530,C125
P1531,C154
P1532,C170
P1533,C89
P1534,C81
P1535,C36
P1536,C146
P1537,C97
P1538,C160
P1539,C18
P1540,C177
P1541,C138
P1542,C106
P1543,C33
P1544,C71
P1545,C191
P1546,C99
P1547,C33
P1548,C48
P1549,C133
P1550,C159
P1551,C179
P1552,C18
P1553,C37
P1554,C100
P1555,C44
P1556,C191
P1557,C97
P1558,C130
P1559,C47
P1560,C116
P1561,C96
P1562,C82
P1563,C8
P1564,C67
P1565,C110
P1566,C144
P1567,C0
P1568,C49
P1569,C173
P1570,C46
P1571,C92
P1572,C22
P1573,C175
P1574,C123
P1575,C194
P1576,C147
P1577,C160
P1578,C71
P1579,C172
P1580,C139
P1581,C20
P1582,C116
P1583,C117
P1584,C194
P1585,C158
P1586,C132
P1587,C90
P1588,C13
P1589,C199
P1590,C86
P1591,C137
P1592,C188
P1593,C136
P1594,C73
P1595,C18
P1596,C56
P1597,C13
P1598,C128
P1599,C9
P1600,C98
P1601,C158
P1602,C174
P1603,C37
P1604,C36
P1605,C51
P1606,C69
P1607,C137
P1608,C14
P1609,C44
P1610,C146
P1611,C21
P1612,C16
P1613,C128
P1614,C129
P1615,C147
P1616,C37
P1617,C82
P1618,C10
P1619,C80
P1620,C2
P1621,C124
P1622,C155
P1623,C192
P1624,C68
P1625,C67
P1626,C195
P1627,C44
P1628,C122
P1629,C64
P1630,C177
P1631,C162
P1632,C53
P1633,C164
P1634,C48
P1635,C49
P1636,C179
P1637,C23
P1638,C196
P1639,C143
P1640,C24
P1641,C114
P1642,C76
P1643,C1
P1644,C98
P1645,C38
P1646,C6
P1647,C50
P1648,C161
P1649,C197
P1650,C190
P1651,C37
P1652,C174
P1653,C70
P1654,C81
P1655,C175
P1656,C3
P1657,C113
P1658,C27
P1659,C13
P1660,C3
P1661,C166
P1662,C151
P1663,C67
P1664,C137
P1665,C149
P1666,C158
P1667,C145
P1668,C53
P1669,C92
P1670,C89
P1671,C102
P1672,C109
P1673,C135
P1674,C171
P1675,C163
P1676,C36
P1677,C65
P1678,C90
P1679,C103
P1680,C8
P1681,C141
P1682,C25
P1683,C72
P1684,C88
P1685,C69
P1686,C183
P1687,C28
P1688,C169
P1689,C179
P1690,C117
P1691,C112
P1692,C88
P1693,C90
P1694,C174
P1695,C191
P1696,C116
P1697,C89
P1698,C67
P1699,C100
P1700,C194
P1701,C83
P1702,C123
P1703,C56
P1704,C129
P1705,C80
P1706,C112
P1707,C132
P1708,C140
P1709,C31
P1710,C105
P1711,C170
P1712,C26
P1713,C63
P1714,C178
P1715,C45
P1716,C36
P1717,C181
P1718,C3
P1719,C133
P1720,C48
P1721,C0
P1722,C142
P1723,C131
P1724,C14
P1725,C195
P1726,C99
P1727,C135
P1728,C183
P1729,C14
P1730,C7
P1731,C184
P1732,C110
P1733,C122
P1734,C135
P1735,C107
P1736,C101
P1737,C131
P1738,C89
P1739,C151
P1740,C44
P1741,C13
P1742,C175
P1743,C163
P1744,C196
P1745,C165
P1746,C154
P1747,C54
P1748,C37
P1749,C99
P1750,C53
P1751,C170
P1752,C188
P1753,C117
P1754,C178
P1755,C128
P1756,C28
P1757,C97
P1758,C197
P1759,C79
P1760,C15
P1761,C63
P1762,C193
P1763,C194
P1764,C175
P1765,C194
P1766,C32
P1767,C160
P1768,C99
P1769,C171
P1770,C141
P1771,C2
P1772,C114
P1773,C148
P1774,C195
P1775,C10
P1776,C162
P1777,C187
P1778,C124
P1779,C191
P1780,C100
P1781,C138
P1782,C117
P1783,C70
P1784,C1
P1785,C7
P1786,C11
P1787,C175
P1788,C15
P1789,C92
P1790,C59
P1791,C76
P1792,C189
P1793,C20
P1794,C161
P1795,C185
P1796,C62
P1797,C57
P1798,C142
P1799,C188
P1800,C49
P1801,C127
P1802,C139
P1803,C38
P1804,C32
P1805,C138
P1806,C142
P1807,C115
P1808,C57
P1809,C145
P1810,C16
P1811,C162
P1812,C89
P1813,C197
P1814,C105
P1815,C8
P1816,C126
P1817,C119
P1818,C100
P1819,C160
P1820,C196
P1821,C66
P1822,C0
P1823,C174
P1824,C1
P1825,C182
P1826,C149
P1827,C132
P1828,C14
P1829,C122
P1830,C141
P1831,C169
P1832,C171
P1833,C150
P1834,C192
P1835,C51
P1836,C79
P1837,C172
P1838,C73
P1839,C37
P1840,C127
P1841,C116
P1842,C85
P1843,C48
P1844,C106
P1845,C69
P1846,C56
P1847,C2
P1848,C136
P1849,C67
P1850,C117
P1851,C9
P1852,C31
P1853,C116
P1854,C96
P1855,C105
P1856,C49
P1857,C79
P1858,C26
P1859,C85
P1860,C71
P1861,C30
P1862,C43
P1863,C165
P1864,C133
P1865,C23
P1866,C130
P1867,C3
P1868,C111
P1869,C30
P1870,C29
P1871,C160
P1872,C105
P1873,C63
P1874,C79
P1875,C199
P1876,C36
P1877,C123
P1878,C153
P1879,C182
P1880,C175
P1881,C50
P1882,C119
P1883,C168
P1884,C75
P1885,C23
P1886,C165
P1887,C70
P1888,C171
P1889,C33
P1890,C137
P1891,C57
P1892,C5
P1893,C71
P1894,C19
P1895,C90
P1896,C97
P1897,C192
P1898,C188
P1899,C176
P1900,C99
P1901,C111
P1902,C161
P1903,C59
P1904,C20
P1905,C41
P1906,C87
P1907,C95
P1908,C55
P1909,C91
P1910,C65
P1911,C28
P1912,C108
P1913,C32
P1914,C197
P1915,C131
P1916,C2
P1917,C104
P1918,C0
P1919,C62
P1920,C74
P1921,C171
P1922,C29
P1923,C138
P1924,C42
P1925,C194
P1926,C62
P1927,C11
P1928,C88
P1929,C135
P1930,C65
P1931,C72
P1932,C87
P1933,C120
P1934,C172
P1935,C21
P1936,C19
P1937,C106
P1938,C7
P1939,C183
P1940,C192
P1941,C185
P1942,C162
P1943,C149
P1944,C148
P1945,C155
P1946,C74
P1947,C48
P1948,C170
P1949,C195
P1950,C37
P1951,C19
P1952,C48
P1953,C83
P1954,C146
P1955,C25
P1956,C192
P1957,C167
P1958,C136
P1959,C159
P1960,C42
P1961,C82
P1962,C80
P1963,C28
P1964,C67
P1965,C96
P1966,C59
P1967,C57
P1968,C91
P1969,C22
P1970,C35
P1971,C78
P1972,C8
P1973,C169
P1974,C178
P1975,C107
P1976,C23
P1977,C129
P1978,C43
P1979,C135
P1980,C153
P1981,C167
P1982,C82
P1983,C147
P1984,C14
P1985,C91
P1986,C54
P1987,C7
P1988,C25
P1989,C157
P1990,C16
P1991,C150
P1992,C100
P1993,C181
P1994,C188
P1995,C142
P1996,C183
P1997,C23
P1998,C146
P1999,C80
P2000,C97
P2001,C126
P2002,C43
P2003,C0
P2004,C4
P2005,C189
P2006,C14
P2007,C94
P2008,C29
P2009,C159
P2010,C191
P2011,C144
P2012,C54
P2013,C84
P2014,C194
P2015,C72
P2016,C112
P2017,C30
P2018,C199
P2019,C192
P2020,C50
P2021,C135
P2022,C51
P2023,C175
P2024,C104
P2025,C62
P2026,C165
P2027,C13
P2028,C188
P2029,C46
P2030,C31
P2031,C114
P2032,C0
P2033,C0
P2034,C103
P2035,C138
P2036,C72
P2037,C60
P2038,C49
P2039,C13
P2040,C97
P2041,C181
P2042,C192
P2043,C110
P2044,C12
P2045,C73
P2046,C86
P2047,C35
P2048,C56
P2049,C189
P2050,C23
P2051,C48
P2052,C186
P2053,C185
P2054,C16
P2055,C113
P2056,C18
P2057,C164
P2058,C189
P2059,C7
P2060,C195
P2061,C38
P2062,C81
P2063,C160
P2064,C33
P2065,C13
P2066,C166
P2067,C180
P2068,C87
P2069,C58
P2070,C196
P2071,C154
P2072,C97
P2073,C57
P2074,C65
P2075,C173
P2076,C17
P2077,C144
P2078,C136
P2079,C68
P2080,C86
P2081,C46
P2082,C137
P2083,C14
P2084,C107
P2085,C40
P2086,C141
P2087,C117
P2088,C47
P2089,C36
P2090,C140
P2091,C133
P2092,C124
P2093,C23
P2094,C154
P2095,C125
P2096,C20
P2097,C179
P2098,C53
P2099,C90
P2100,C106
P2101,C74
P2102,C120
P2103,C98
P2104,C195
P2105,C103
P2106,C103
P2107,C23
P2108,C142
P2109,C114
P2110,C87
P2111,C177
P2112,C72
P2113,C183
P2114,C63
P2115,C159
P2116,C166
P2117,C21
P2118,C43
P2119,C194
P2120,C34
P2121,C166
P2122,C173
P2123,C55
P2124,C159
P2125,C65
P2126,C5
P2127,C189
P2128,C37
P2129,C25
P2130,C83
P2131,C12
P2132,C114
P2133,C17
P2134,C172
P2135,C103
P2136,C130
P2137,C10
P2138,C0
P2139,C102
P2140,C17
P2141,C91
P2142,C182
P2143,C14
P2144,C76
P2145,C173
P2146,C123
P2147,C165
P2148,C157
P2149,C83
P2150,C173
P2151,C107
P2152,C154
P2153,C70
P2154,C37
P2155,C152
P2156,C80
P2157,C137
P2158,C87
P2159,C87
P2160,C187
P2161,C67
P2162,C25
P2163,C36
P2164,C119
P2165,C136
P2166,C190
P2167,C91
P2168,C15
P2169,C134
P2170,C179
P2171,C137
P2172,C58
P2173,C91
P2174,C172
P2175,C120
P2176,C37
P2177,C95
P2178,C194
P2179,C166
P2180,C53
P2181,C59
P2182,C115
P2183,C184
P2184,C198
P2185,C31
P2186,C180
P2187,C74
P2188,C30
P2189,C75
P2190,C146
P2191,C56
P2192,C86
P2193,C13
P2194,C28
P2195,C59
P2196,C146
P2197,C38
P2198,C149
P2199,C153
P2200,C80
P2201,C114
P2202,C131
P2203,C71
P2204,C0
P2205,C148
P2206,C44
P2207,C78
P2208,C35
P2209,C197
P2210,C35
P2211,C38
P2212,C2
P2213,C108
P2214,C196
P2215,C106
P2216,C46
P2217,C130
P2218,C182
P2219,C86
P2220,C105
P2221,C170
P2222,C115
P2223,C34
P2224,C198
P2225,C35
P2226,C160
P2227,C121
P2228,C130
P2229,C100
P2230,C63
P2231,C180
P2232,C146
P2233,C88
P2234,C1
P2235,C119
P2236,C194
P2237,C100
P2238,C51
P2239,C32
P2240,C83
P2241,C116
P2242,C65
P2243,C116
P2244,C148
P2245,C9
P2246,C98
P2247,C120
P2248,C98
P2249,C111
P2250,C67
P2251,C164
P2252,C76
P2253,C148
P2254,C185
P2255,C38
P2256,C41
P2257,C114
P2258,C112
P2259,C36
P2260,C43
P2261,C13
P2262,C136
P2263,C166
P2264,C124
P2265,C178
P2266,C195
P2267,C73
P2268,C198
P2269,C4
P2270,C51
P2271,C1
P2272,C192
P2273,C123
P2274,C39
P2275,C161
P2276,C28
P2277,C181
P2278,C187
P2279,C178
P2280,C99
P2281,C145
P2282,C55
P2283,C190
P2284,C49
P2285,C99
P2286,C6
P2287,C2
P2288,C15
P2289,C192
P2290,C128
P2291,C117
P2292,C179
P2293,C134
P2294,C172
P2295,C113
P2296,C38
P2297,C39
P2298,C24
P2299,C34
P2300,C31
P2301,C138
P2302,C116
P2303,C186
P2304,C24
P2305,C94
P2306,C25
P2307,C149
P2308,C171
P2309,C40
P2310,C117
P2311,C15
P2312,C131
P2313,C66
P2314,C92
P2315,C74
P2316,C161
P2317,C95
P2318,C61
P2319,C127
P2320,C179
P2321,C104
P2322,C193
P2323,C83
P2324,C77
P2325,C96
P2326,C134
P2327,C156
P2328,C18
P2329,C107
P2330,C132
P2331,C190
P2332,C180
P2333,C173
P2334,C28
P2335,C26
P2336,C39
P2337,C136
P2338,C173
P2339,C58
P2340,C82
P2341,C53
P2342,C107
P2343,C177
P2344,C83
P2345,C100
P2346,C64
P2347,C112
P2348,C115
P2349,C32
P2350,C83
P2351,C88
P2352,C120
P2353,C145
P2354,C142
P2355,C189
P2356,C128
P2357,C132
P2358,C110
P2359,C129
P2360,C60
P2361,C50
P2362,C130
P2363,C8
P2364,C7
P2365,C157
P2366,C124
P2367,C154
P2368,C59
P2369,C20
P2370,C53
P2371,C20
P2372,C111
P2373,C119
P2374,C119
P2375,C152
P2376,C127
P2377,C140
P2378,C81
P2379,C20
P2380,C18
P2381,C134
P2382,C56
P2383,C20
P2384,C192
P2385,C152
P2386,C82
P2387,C32
P2388,C64
P2389,C192
P2390,C53
P2391,C190
P2392,C121
P2393,C119
P2394,C153
P2395,C76
P2396,C43
P2397,C136
P2398,C90
P2399,C22
P2400,C167
P2401,C145
P2402,C12
P2403,C112
P2404,C175
P2405,C97
P2406,C149
P2407,C120
P2408,C47
P2409,C123
P2410,C67
P2411,C169
P2412,C76
P2413,C71
P2414,C45
P2415,C92
P2416,C38
P2417,C46
P2418,C184
P2419,C151
P2420,C167
P2421,C187
P2422,C84
P2423,C65
P2424,C135
P2425,C87
P2426,C13
P2427,C42
P2428,C174
P2429,C45
P2430,C189
P2431,C38
P2432,C75
P2433,C134
P2434,C71
P2435,C182
P2436,C140
P2437,C146
P2438,C45
P2439,C175
P2440,C133
P2441,C47
P2442,C103
P2443,C38
P2444,C114
P2445,C62
P2446,C179
P2447,C95
P2448,C61
P2449,C34
P2450,C170
P2451,C20
P2452,C42
P2453,C98
P2454,C139
P2455,C80
P2456,C33
P2457,C172
P2458,C135
P2459,C128
P2460,C12
P2461,C82
P2462,C198
P2463,C145
P2464,C96
P2465,C49
P2466,C37
P2467,C152
P2468,C23
P2469,C107
P2470,C30
P2471,C94
P2472,C4
P2473,C8
P2474,C91
P2475,C136
P2476,C65
P2477,C25
P2478,C16
P2479,C48
P2480,C107
P2481,C90
P2482,C135
P2483,C167
P2484,C39
P2485,C142
P2486,C28
P2487,C29
P2488,C137
P2489,C88
P2490,C54
P2491,C27
P2492,C12
P2493,C84
P2494,C151
P2495,C85
P2496,C192
P2497,C154
P2498,C110
P2499,C39
P2500,C131
P2501,C84
P2502,C39
P2503,C187
P2504,C9
P2505,C38
P2506,C70
P2507,C5
P2508,C170
P2509,C58
P2510,C116
P2511,C124
P2512,C103
P2513,C10
P2514,C15
P2515,C162
P2516,C191
P2517,C95
P2518,C46
P2519,C83
P2520,C104
P2521,C84
P2522,C59
P2523,C17
P2524,C157
P2525,C40
P2526,C15
P2527,C181
P2528,C190
P2529,C184
P2530,C72
P2531,C122
P2532,C158
P2533,C39
P2534,C143
P2535,C113
P2536,C192
P2537,C198
P2538,C96
P2539,C187
P2540,C37
P2541,C70
P2542,C74
P2543,C135
P2544,C21
P2545,C69
P2546,C87
P2547,C145
P2548,C33
P2549,C188
P2550,C31
P2551,C152
P2552,C168
P2553,C67
P2554,C45
P2555,C115
P2556,C138
P2557,C120
P2558,C162
P2559,C167
P2560,C17
P2561,C23
P2562,C136
P2563,C142
P2564,C18
P2565,C110
P2566,C85
P2567,C197
P2568,C198
P2569,C19
P2570,C162
P2571,C138
P2572,C197
P2573,C66
P2574,C67
P2575,C159
P2576,C110
P2577,C163
P2578,C126
P2579,C83
P2580,C1
P2581,C151
P2582,C33
P2583,C14
P2584,C2
P2585,C192
P2586,C49
P2587,C133
P2588,C98
P2589,C92
P2590,C79
P2591,C124
P2592,C51
P2593,C90
P2594,C3
P2595,C180
P2596,C107
P2597,C173
P2598,C73
P2599,C133
P2600,C21
P2601,C163
P2602,C68
P2603,C97
P2604,C89
P2605,C153
P2606,C7
P2607,C14
P2608,C182
P2609,C103
P2610,C72
P2611,C83
P2612,C125
P2613,C89
P2614,C114
P2615,C82
P2616,C180
P2617,C122
P2618,C0
P2619,C150
P2620,C61
P2621,C196
P2622,C139
P2623,C98
P2624,C100
P2625,C145
P2626,C183
P2627,C179
P2628,C174
P2629,C139
P2630,C128
P2631,C145
P2632,C155
P2633,C37
P2634,C49
P2635,C37
P2636,C195
P2637,C91
P2638,C192
P2639,C85
P2640,C179
P2641,C103
P2642,C38
P2643,C83
P2644,C130
P2645,C142
P2646,C180
P2647,C162
P2648,C125
P2649,C92
P2650,C125
P2651,C71
P2652,C121
P2653,C159
P2654,C37
P2655,C62
P2656,C106
P2657,C175
P2658,C84
P2659,C69
P2660,C72
P2661,C27
P2662,C26
P2663,C146
P2664,C175
P2665,C108
P2666,C47
P2667,C155
P2668,C114
P2669,C54
P2670,C140
P2671,C159
P2672,C83
P2673,C59
P2674,C165
P2675,C157
P2676,C179
P2677,C131
P2678,C96
P2679,C182
P2680,C156
P2681,C13
P2682,C148
P2683,C49
P2684,C139
P2685,C22
P2686,C81
P2687,C167
P2688,C76
P2689,C58
P2690,C64
P2691,C5
P2692,C80
P2693,C72
P2694,C190
P2695,C63
P2696,C166
P2697,C128
P2698,C64
P2699,C191
P2700,C63
P2701,C88
P2702,C48
P2703,C24
P2704,C27
P2705,C187
P2706,C155
P2707,C182
P2708,C177
P2709,C176
P2710,C134
P2711,C52
P2712,C34
P2713,C32
P2714,C198
P2715,C37
P2716,C189
P2717,C54
P2718,C186
P2719,C106
P2720,C81
P2721,C115
P2722,C176
P2723,C34
P2724,C27
P2725,C34
P2726,C110
P2727,C134
P2728,C147
P2729,C86
P2730,C63
P2731,C192
P2732,C120
P2733,C68
P2734,C140
P2735,C41
P2736,C198
P2737,C102
P2738,C197
P2739,C103
P2740,C112
P2741,C11
P2742,C143
P2743,C89
P2744,C60
P2745,C121
P2746,C93
P2747,C69
P2748,C40
P2749,C133
P2750,C144
P2751,C43
P2752,C40
P2753,C90
P2754,C184
P2755,C147
P2756,C182
P2757,C32
P2758,C135
P2759,C7
P2760,C106
P2761,C92
P2762,C168
P2763,C151
P2764,C4
P2765,C192
P2766,C117
P2767,C69
P2768,C43
P2769,C36
P2770,C0
P2771,C39
P2772,C119
P2773,C125
P2774,C164
P2775,C141
P2776,C49
P2777,C156
P2778,C108
P2779,C187
P2780,C109
P2781,C23
P2782,C63
P2783,C45
P2784,C54
P2785,C88
P2786,C13
P2787,C16
P2788,C115
P2789,C89
P2790,C98
P2791,C149
P2792,C38
P2793,C28
P2794,C73
P2795,C185
P2796,C165
P2797,C135
P2798,C103
P2799,C28
P2800,C111
P2801,C120
P2802,C22
P2803,C16
P2804,C151
P2805,C136
P2806,C150
P2807,C132
P2808,C17
P2809,C107
P2810,C81
P2811,C145
P2812,C37
P2813,C130
P2814,C199
P2815,C93
P2816,C16
P2817,C37
P2818,C149
P2819,C91
P2820,C11
P2821,C162
P2822,C178
P2823,C154
P2824,C163
P2825,C106
P2826,C160
P2827,C75
P2828,C139
P2829,C65
P2830,C152
P2831,C140
P2832,C70
P2833,C125
P2834,C125
P2835,C180
P2836,C120
P2837,C118
P2838,C86
P2839,C34
P2840,C8
P2841,C68
P2842,C142
P2843,C132
P2844,C71
P2845,C27
P2846,C42
P2847,C139
P2848,C60
P2849,C151
P2850,C194
P2851,C50
P2852,C98
P2853,C153
P2854,C75
P2855,C170
P2856,C140
P2857,C167
P2858,C118
P2859,C112
P2860,C29
P2861,C132
P2862,C177
P2863,C87
P2864,C165
P2865,C22
P2866,C15
P2867,C3
P2868,C90
P2869,C42
P2870,C115
P2871,C126
P2872,C82
P2873,C86
P2874,C103
P2875,C165
P2876,C188
P2877,C10
P2878,C92
P2879,C37
P2880,C71
P2881,C84
P2882,C12
P2883,C7
P2884,C144
P2885,C164
P2886,C77
P2887,C129
P2888,C21
P2889,C105
P2890,C63
P2891,C132
P2892,C162
P2893,C66
P2894,C183
P2895,C132
P2896,C22
P2897,C45
P2898,C179
P2899,C0
P2900,C134
P2901,C142
P2902,C114
P2903,C196
P2904,C75
P2905,C0
P2906,C9
P2907,C124
P2908,C36
P2909,C116
P2910,C41
P2911,C132
P2912,C128
P2913,C190
P2914,C173
P2915,C171
P2916,C16
P2917,C73
P2918,C125
P2919,C103
P2920,C163
P2921,C63
P2922,C47
P2923,C191
P2924,C62
P2925,C139
P2926,C141
P2927,C23
P2928,C77
P2929,C196
P2930,C32
P2931,C168
P2932,C115
P2933,C49
P2934,C4
P2935,C48
P2936,C174
P2937,C83
P2938,C163
P2939,C117
P2940,C166
P2941,C162
P2942,C49
P2943,C117
P2944,C171
P2945,C163
P2946,C106
P2947,C166
P2948,C22
P2949,C130
P2950,C184
P2951,C99
P2952,C54
P2953,C49
P2954,C165
P2955,C53
P2956,C68
P2957,C115
P2958,C187
P2959,C104
P2960,C90
P2961,C170
P2962,C28
P2963,C22
P2964,C163
P2965,C84
P2966,C133
P2967,C16
P2968,C50
P2969,C12
P2970,C167
P2971,C77
P2972,C177
P2973,C191
P2974,C112
P2975,C48
P2976,C30
P2977,C114
P2978,C87
P2979,C152
P2980,C91
P2981,C148
P2982,C155
P2983,C48
P2984,C54
P2985,C52
P2986,C178
P2987,C106
P2988,C165
P2989,C77
P2990,C133
P2991,C174
P2992,C159
P2993,C78
P2994,C199
P2995,C120
P2996,C150
P2997,C188
P2998,C124
P2999,C104
P3000,C186
P3001,C155
P3002,C44
P3003,C87
P3004,C68
P3005,C18
P3006,C137
P3007,C19
P3008,C185
P3009,C97
P3010,C104
P3011,C145
P3012,C174
P3013,C3
P3014,C68
P3015,C64
P3016,C84
P3017,C116
P3018,C54
P3019,C185
P3020,C155
P3021,C94
P3022,C84
P3023,C126
P3024,C96
P3025,C145
P3026,C40
P3027,C82
P3028,C64
P3029,C166
P3030,C92
P3031,C175
P3032,C99
P3033,C97
P3034,C30
P3035,C52
P3036,C10
P3037,C85
P3038,C154
P3039,C16
P3040,C35
P3041,C199
P3042,C75
P3043,C96
P3044,C177
P3045,C86
P3046,C65
P3047,C37
P3048,C16
P3049,C62
P3050,C178
P3051,C109
P3052,C76
P3053,C134
P3054,C35
P3055,C119
P3056,C154
P3057,C2
P3058,C2
P3059,C143
P3060,C136
P3061,C12
P3062,C111
P3063,C60
P3064,C115
P3065,C32
P3066,C110
P3067,C185
P3068,C136
P3069,C75
P3070,C95
P3071,C20
P3072,C89
P3073,C51
P3074,C188
P3075,C173
P3076,C78
P3077,C43
P3078,C71
P3079,C16
P3080,C52
P3081,C97
P3082,C113
P3083,C79
P3084,C145
P3085,C150
P3086,C62
P3087,C176
P3088,C161
P3089,C107
P3090,C173
P3091,C156
P3092,C122
P3093,C108
P3094,C121
P3095,C11
P3096,C59
P3097,C24
P3098,C27
P3099,C111
P3100,C150
P3101,C27
P3102,C105
P3103,C62
P3104,C139
P3105,C97
P3106,C157
P3107,C1
P3108,C145
P3109,C196
P3110,C166
P3111,C95
P3112,C132
P3113,C33
P3114,C5
P3115,C23
P3116,C194
P3117,C162
P3118,C164
P3119,C75
P3120,C59
P3121,C126
P3122,C53
P3123,C160
P3124,C0
P3125,C41
P3126,C140
P3127,C53
P3128,C102
P3129,C199
P3130,C131
P3131,C147
P3132,C117
P3133,C141
P3134,C29
P3135,C114
P3136,C70
P3137,C39
P3138,C192
P3139,C68
P3140,C22
P3141,C29
P3142,C30
P3143,C148
P3144,C52
P3145,C79
P3146,C77
P3147,C173
P3148,C152
P3149,C107
P3150,C128
P3151,C100
P3152,C77
P3153,C57
P3154,C14
P3155,C65
P3156,C155
P3157,C147
P3158,C150
P3159,C40
P3160,C52
P3161,C138
P3162,C196
P3163,C132
P3164,C190
P3165,C69
P3166,C152
P3167,C7
P3168,C87
P3169,C140
P3170,C18
P3171,C3
P3172,C174
P3173,C109
P3174,C146
P3175,C60
P3176,C12
P3177,C23
P3178,C13
P3179,C158
P3180,C192
P3181,C160
P3182,C120
P3183,C184
P3184,C148
P3185,C125
P3186,C57
P3187,C124
P3188,C124
P3189,C51
P3190,C38
P3191,C26
P3192,C103
P3193,C48
P3194,C172
P3195,C67
P3196,C142
P3197,C175
P3198,C153
P3199,C66
P3200,C183
P3201,C177
P3202,C114
P3203,C137
P3204,C186
P3205,C117
P3206,C78
P3207,C11
P3208,C150
P3209,C10
P3210,C110
P3211,C47
P3212,C161
P3213,C42
P3214,C111
P3215,C44
P3216,C125
P3217,C171
P3218,C12
P3219,C192
P3220,C31
P3221,C68
P3222,C130
P3223,C79
P3224,C199
P3225,C136
P3226,C78
P3227,C178
P3228,C41
P3229,C39
P3230,C35
P3231,C68
P3232,C8
P3233,C90
P3234,C28
P3235,C170
P3236,C75
P3237,C25
P3238,C54
P3239,C101
P3240,C182
P3241,C79
P3242,C150
P3243,C141
P3244,C114
P3245,C166
P3246,C26
P3247,C44
P3248,C144
P3249,C170
P3250,C37
P3251,C69
P3252,C54
P3253,C118
P3254,C55
P3255,C147
P3256,C111
P3257,C179
P3258,C44
P3259,C193
P3260,C42
P3261,C113
P3262,C70
P3263,C53
P3264,C103
P3265,C33
P3266,C150
P3267,C170
P3268,C47
P3269,C88
P3270,C49
P3271,C116
P3272,C72
P3273,C169
P3274,C110
P3275,C175
P3276,C33
P3277,C185
P3278,C133
P3279,C51
P3280,C146
P3281,C12
P3282,C163
P3283,C82
P3284,C189
P3285,C169
P3286,C169
P3287,C73
P3288,C186
P3289,C182
P3290,C109
P3291,C192
P3292,C186
P3293,C159
P3294,C22
P3295,C135
P3296,C85
P3297,C9
P3298,C199
P3299,C10
P3300,C45
P3301,C97
P3302,C101
P3303,C100
P3304,C97
P3305,C142
P3306,C47
P3307,C48
P3308,C128
P3309,C150
P3310,C127
P3311,C24
P3312,C151
P3313,C184
P3314,C174
P3315,C126
P3316,C179
P3317,C64
P3318,C148
P3319,C116
P3320,C19
P3321,C139
P3322,C166
P3323,C107
P3324,C31
P3325,C161
P3326,C110
P3327,C177
P3328,C7
P3329,C87
P3330,C163
P3331,C150
P3332,C121
P3333,C180
P3334,C17
P3335,C51
P3336,C121
P3337,C151
P3338,C102
P3339,C128
P3340,C175
P3341,C14
P3342,C31
P3343,C183
P3344,C75
P3345,C142
P3346,C73
P3347,C54
P3348,C11
P3349,C111
P3350,C196
P3351,C162
P3352,C13
P3353,C9
P3354,C111
P3355,C97
P3356,C148
P3357,C11
P3358,C5
P3359,C155
P3360,C30
P3361,C49
P3362,C111
P3363,C149
P3364,C147
P3365,C132
P3366,C165
P3367,C45
P3368,C91
P3369,C156
P3370,C155
P3371,C123
P3372,C179
P3373,C199
P3374,C166
P3375,C40
P3376,C127
P3377,C90
P3378,C86
P3379,C108
P3380,C76
P3381,C142
P3382,C12
P3383,C78
P3384,C180
P3385,C176
P3386,C51
P3387,C144
P3388,C74
P3389,C61
P3390,C8
P3391,C12
P3392,C94
P3393,C43
P3394,C30
P3395,C54
P3396,C138
P3397,C42
P3398,C38
P3399,C61
P3400,C55
P3401,C108
P3402,C45
P3403,C103
P3404,C16
P3405,C57
P3406,C84
P3407,C164
P3408,C197
P3409,C99
P3410,C143
P3411,C80
P3412,C195
P3413,C28
P3414,C180
P3415,C152
P3416,C87
P3417,C66
P3418,C150
P3419,C54
P3420,C49
P3421,C50
P3422,C74
P3423,C32
P3424,C17
P3425,C5
P3426,C145
P3427,C52
P3428,C89
P3429,C72
P3430,C104
P3431,C193
P3432,C49
P3433,C95
P3434,C63
P3435,C136
P3436,C93
P3437,C23
P3438,C20
P3439,C57
P3440,C61
P3441,C2
P3442,C59
P3443,C7
P3444,C74
P3445,C145
P3446,C191
P3447,C182
P3448,C65
P3449,C51
P3450,C5
P3451,C128
P3452,C27
P3453,C143
P3454,C121
P3455,C187
P3456,C163
P3457,C160
P3458,C138
P3459,C88
P3460,C5
P3461,C182
P3462,C22
P3463,C7
P3464,C176
P3465,C128
P3466,C22
P3467,C108
P3468,C39
P3469,C143
P3470,C48
P3471,C147
P3472,C65
P3473,C66
P3474,C157
P3475,C21
P3476,C171
P3477,C186
P3478,C169
P3479,C161
P3480,C47
P3481,C149
P3482,C89
P3483,C99
P3484,C8
P3485,C182
P3486,C145
P3487,C135
P3488,C5
P3489,C139
P3490,C96
P3491,C195
P3492,C188
P3493,C64
P3494,C194
P3495,C182
P3496,C33
P3497,C56
P3498,C57
P3499,C174
P3500,C154
P3501,C52
P3502,C104
P3503,C39
P3504,C132
P3505,C4
P3506,C84
P3507,C173
P3508,C46
P3509,C171
P3510,C106
P3511,C179
P3512,C123
P3513,C134
P3514,C152
P3515,C135
P3516,C7
P3517,C54
P3518,C142
P3519,C186
P3520,C94
P3521,C130
P3522,C84
P3523,C8
P3524,C37
P3525,C38
P3526,C74
P3527,C41
P3528,C117
P3529,C51
P3530,C83
P3531,C42
P3532,C149
P3533,C99
P3534,C36
P3535,C38
P3536,C107
P3537,C152
P3538,C64
P3539,C84
P3540,C99
P3541,C179
P3542,C135
P3543,C95
P3544,C69
P3545,C40
P3546,C68
P3547,C138
P3548,C16
P3549,C44
P3550,C98
P3551,C78
P3552,C85
P3553,C134
P3554,C108
P3555,C49
P3556,C94
P3557,C4
P3558,C15
P3559,C174
P3560,C22
P3561,C197
P3562,C138
P3563,C45
P3564,C133
P3565,C93
P3566,C8
P3567,C105
P3568,C150
P3569,C132
P3570,C35
P3571,C52
P3572,C140
P3573,C30
P3574,C34
P3575,C168
P3576,C70
P3577,C22
P3578,C156
P3579,C21
P3580,C29
P3581,C154
P3582,C0
P3583,C88
P3584,C78
P3585,C44
P3586,C158
P3587,C123
P3588,C64
P3589,C152
P3590,C3
P3591,C95
P3592,C90
P3593,C88
P3594,C25
P3595,C122
P3596,C59
P3597,C187
P3598,C195
P3599,C15
P3600,C143
P3601,C92
P3602,C96
P3603,C126
P3604,C19
P3605,C14
P3606,C123
P3607,C105
P3608,C184
P3609,C86
P3610,C122
P3611,C47
P3612,C172
P3613,C164
P3614,C53
P3615,C78
P3616,C18
P3617,C54
P3618,C66
P3619,C184
P3620,C59
P3621,C29
P3622,C56
P3623,C61
P3624,C172
P3625,C172
P3626,C191
P3627,C193
P3628,C199
P3629,C81
P3630,C47
P3631,C188
P3632,C77
P3633,C188
P3634,C125
P3635,C124
P3636,C19
P3637,C135
P3638,C47
P3639,C49
P3640,C109
P3641,C168
P3642,C111
P3643,C146
P3644,C54
P3645,C38
P3646,C30
P3647,C67
P3648,C46
P3649,C138
P3650,C57
P3651,C6
P3652,C16
P3653,C181
P3654,C112
P3655,C76
P3656,C142
P3657,C39
P3658,C40
P3659,C19
P3660,C74
P3661,C156
P3662,C103
P3663,C85
P3664,C102
P3665,C67
P3666,C163
P3667,C50
P3668,C159
P3669,C7
P3670,C114
P3671,C87
P3672,C153
P3673,C3
P3674,C156
P3675,C159
P3676,C190
P3677,C42
P3678,C24
P3679,C54
P3680,C55
P3681,C84
P3682,C10
P3683,C101
P3684,C125
P3685,C193
P3686,C192
P3687,C10
P3688,C35
P3689,C10
P3690,C183
P3691,C55
P3692,C58
P3693,C125
P3694,C169
P3695,C39
P3696,C153
P3697,C55
P3698,C84
P3699,C57
P3700,C176
P3701,C17
P3702,C175
P3703,C155
P3704,C69
P3705,C5
P3706,C187
P3707,C94
P3708,C195
P3709,C6
P3710,C45
P3711,C188
P3712,C33
P3713,C144
P3714,C154
P3715,C63
P3716,C12
P3717,C18
P3718,C153
P3719,C81
P3720,C161
P3721,C168
P3722,C152
P3723,C15
P3724,C130
P3725,C9
P3726,C76
P3727,C176
P3728,C95
P3729,C162
P3730,C118
P3731,C45
P3732,C30
P3733,C151
P3734,C31
P3735,C38
P3736,C117
P3737,C149
P3738,C170
P3739,C143
P3740,C14
P3741,C18
P3742,C135
P3743,C90
P3744,C114
P3745,C139
P3746,C76
P3747,C113
P3748,C133
P3749,C172
P3750,C73
P3751,C82
P3752,C65
P3753,C70
P3754,C53
P3755,C170
P3756,C69
P3757,C148
P3758,C103
P3759,C15
P3760,C94
P3761,C114
P3762,C140
P3763,C76
P3764,C41
P3765,C75
P3766,C52
P3767,C2
P3768,C181
P3769,C34
P3770,C166
P3771,C22
P3772,C123
P3773,C99
P3774,C45
P3775,C20
P3776,C118
P3777,C48
P3778,C126
P3779,C42
P3780,C74
P3781,C21
P3782,C65
P3783,C15
P3784,C60
P3785,C25
P3786,C197
P3787,C183
P3788,C134
P3789,C71
P3790,C79
P3791,C170
P3792,C160
P3793,C60
P3794,C144
P3795,C116
P3796,C152
P3797,C46
P3798,C75
P3799,C66
P3800,C107
P3801,C136
P3802,C153
P3803,C45
P3804,C158
P3805,C91
P3806,C37
P3807,C170
P3808,C104
P3809,C170
P3810,C167
P3811,C168
P3812,C8
P3813,C73
P3814,C160
P3815,C9
P3816,C155
P3817,C174
P3818,C116
P3819,C101
P3820,C52
P3821,C29
P3822,C43
P3823,C196
P3824,C112
P3825,C133
P3826,C182
P3827,C23
P3828,C52
P3829,C120
P3830,C31
P3831,C88
P3832,C15
P3833,C109
P3834,C132
P3835,C186
P3836,C37
P3837,C3
P3838,C109
P3839,C110
P3840,C54
P3841,C15
P3842,C114
P3843,C146
P3844,C29
P3845,C32
P3846,C102
P3847,C156
P3848,C185
P3849,C10
P3850,C92
P3851,C145
P3852,C108
P3853,C178
P3854,C34
P3855,C168
P3856,C153
P3857,C89
P3858,C135
P3859,C60
P3860,C118
P3861,C48
P3862,C74
P3863,C138
P3864,C92
P3865,C76
P3866,C192
P3867,C68
P3868,C140
P3869,C91
P3870,C133
P3871,C65
P3872,C176
P3873,C135
P3874,C133
P3875,C153
P3876,C175
P3877,C74
P3878,C169
P3879,C9
P3880,C95
P3881,C86
P3882,C169
P3883,C199
P3884,C17
P3885,C187
P3886,C151
P3887,C76
P3888,C112
P3889,C62
P3890,C135
P3891,C111
P3892,C119
P3893,C91
P3894,C154
P3895,C7
P3896,C33
P3897,C50
P3898,C48
P3899,C197
P3900,C68
P3901,C94
P3902,C22
P3903,C81
P3904,C43
P3905,C112
P3906,C139
P3907,C147
P3908,C191
P3909,C153
P3910,C19
P3911,C110
P3912,C87
P3913,C48
P3914,C36
P3915,C167
P3916,C66
P3917,C174
P3918,C171
P3919,C190
P3920,C76
P3921,C54
P3922,C53
P3923,C43
P3924,C80
P3925,C62
P3926,C97
P3927,C146
P3928,C58
P3929,C13
P3930,C175
P3931,C140
P3932,C25
P3933,C37
P3934,C133
P3935,C8
P3936,C34
P3937,C90
P3938,C0
P3939,C117
P3940,C167
P3941,C146
P3942,C123
P3943,C86
P3944,C73
P3945,C37
P3946,C72
P3947,C136
P3948,C100
P3949,C103
P3950,C140
P3951,C46
P3952,C6
P3953,C182
P3954,C177
P3955,C46
P3956,C13
P3957,C179
P3958,C149
P3959,C53
P3960,C6
P3961,C25
P3962,C32
P3963,C55
P3964,C67
P3965,C39
P3966,C71
P3967,C67
P3968,C124
P3969,C30
P3970,C156
P3971,C117
P3972,C108
P3973,C2
P3974,C93
P3975,C17
P3976,C140
P3977,C57
P3978,C189
P3979,C71
P3980,C182
P3981,C22
P3982,C199
P3983,C86
P3984,C89
P3985,C163
P3986,C169
P3987,C104
P3988,C190
P3989,C157
P3990,C120
P3991,C59
P3992,C34
P3993,C50
P3994,C141
P3995,C38
P3996,C153
P3997,C184
P3998,C97
P3999,C34
P4000,C159
P4001,C161
P4002,C15
P4003,C33
P4004,C133
P4005,C114
P4006,C27
P4007,C16
P4008,C102
P4009,C180
P4010,C181
P4011,C76
P4012,C141
P4013,C146
P4014,C76
P4015,C3
P4016,C190
P4017,C13
P4018,C136
P4019,C8
P4020,C113
P4021,C51
P4022,C38
P4023,C155
P4024,C185
P4025,C17
P4026,C37
P4027,C198
P4028,C10
P4029,C124
P4030,C189
P4031,C129
P4032,C9
P4033,C108
P4034,C180
P4035,C189
P4036,C150
P4037,C120
P4038,C73
P4039,C12
P4040,C153
P4041,C166
P4042,C27
P4043,C138
P4044,C124
P4045,C123
P4046,C39
P4047,C168
P4048,C81
P4049,C116
P4050,C75
P4051,C133
P4052,C84
P4053,C194
P4054,C12
P4055,C71
P4056,C131
P4057,C42
P4058,C107
P4059,C109
P4060,C150
P4061,C154
P4062,C181
P4063,C187
P4064,C161
P4065,C47
P4066,C61
P4067,C169
P4068,C47
P4069,C61
P4070,C155
P4071,C29
P4072,C58
P4073,C108
P4074,C133
P4075,C154
P4076,C162
P4077,C32
P4078,C197
P4079,C63
P4080,C74
P4081,C34
P4082,C104
P4083,C15
P4084,C65
P4085,C187
P4086,C50
P4087,C62
P4088,C173
P4089,C18
P4090,C69
P4091,C21
P4092,C191
P4093,C11
P4094,C175
P4095,C169
P4096,C24
P4097,C145
P4098,C19
P4099,C181
P4100,C64
P4101,C152
P4102,C167
P4103,C153
P4104,C4
P4105,C182
P4106,C162
P4107,C68
P4108,C52
P4109,C21
P4110,C157
P4111,C175
P4112,C103
P4113,C126
P4114,C71
P4115,C37
P4116,C75
P4117,C20
P4118,C149
P4119,C148
P4120,C89
P4121,C116
P4122,C174
P4123,C142
P4124,C138
P4125,C7
P4126,C199
P4127,C95
P4128,C150
P4129,C114
P4130,C180
P4131,C89
P4132,C6
P4133,C0
P4134,C125
P4135,C144
P4136,C7
P4137,C130
P4138,C10
P4139,C193
P4140,C152
P4141,C58
P4142,C173
P4143,C156
P4144,C152
P4145,C29
P4146,C146
P4147,C85
P4148,C107
P4149,C6
P4150,C23
P4151,C23
P4152,C133
P4153,C179
P4154,C161
P4155,C182
P4156,C15
P4157,C27
P4158,C34
P4159,C20
P4160,C196
P4161,C87
P4162,C177
P4163,C197
P4164,C145
P4165,C47
P4166,C64
P4167,C53
P4168,C12
P4169,C98
P4170,C69
P4171,C89
P4172,C7
P4173,C150
P4174,C50
P4175,C107
P4176,C90
P4177,C2
P4178,C167
P4179,C139
P4180,C120
P4181,C137
P4182,C197
P4183,C166
P4184,C98
P4185,C6
P4186,C123
P4187,C0
P4188,C3
P4189,C107
P4190,C172
P4191,C50
P4192,C62
P4193,C45
P4194,C163
P4195,C157
P4196,C1
P4197,C96
P4198,C89
P4199,C149
P4200,C160
P4201,C56
P4202,C98
P4203,C108
P4204,C84
P4205,C151
P4206,C59
P4207,C101
P4208,C156
P4209,C83
P4210,C98
P4211,C32
P4212,C75
P4213,C135
P4214,C138
P4215,C14
P4216,C48
P4217,C184
P4218,C20
P4219,C19
P4220,C152
P4221,C70
P4222,C47
P4223,C161
P4224,C90
P4225,C95
P4226,C143
P4227,C147
P4228,C72
P4229,C45
P4230,C113
P4231,C100
P4232,C33
P4233,C145
P4234,C12
P4235,C108
P4236,C86
P4237,C111
P4238,C191
P4239,C185
P4240,C185
P4241,C19
P4242,C33
P4243,C44
P4244,C131
P4245,C50
P4246,C3
P4247,C105
P4248,C94
P4249,C124
P4250,C198
P4251,C189
P4252,C41
P4253,C84
P4254,C34
P4255,C7
P4256,C95
P4257,C177
P4258,C142
P4259,C54
P4260,C111
P4261,C177
P4262,C39
P4263,C66
P4264,C77
P4265,C189
P4266,C162
P4267,C163
P4268,C111
P4269,C103
P4270,C113
P4271,C176
P4272,C30
P4273,C106
P4274,C39
P4275,C147
P4276,C169
P4277,C94
P4278,C163
P4279,C47
P4280,C139
P4281,C42
P4282,C33
P4283,C38
P4284,C18
P4285,C122
P4286,C177
P4287,C134
P4288,C68
P4289,C157
P4290,C13
P4291,C52
P4292,C49
P4293,C14
P4294,C177
P4295,C180
P4296,C184
P4297,C148
P4298,C155
P4299,C189
P4300,C147
P4301,C1
P4302,C143
P4303,C74
P4304,C23
P4305,C71
P4306,C122
P4307,C36
P4308,C82
P4309,C149
P4310,C57
P4311,C151
P4312,C17
P4313,C129
P4314,C63
P4315,C75
P4316,C182
P4317,C163
P4318,C99
P4319,C53
P4320,C172
P4321,C112
P4322,C127
P4323,C50
P4324,C2
P4325,C56
P4326,C38
P4327,C85
P4328,C26
P4329,C170
P4330,C167
P4331,C199
P4332,C59
P4333,C117
P4334,C111
P4335,C25
P4336,C13
P4337,C2
P4338,C105
P4339,C82
P4340,C135
P4341,C137
P4342,C21
P4343,C48
P4344,C36
P4345,C7
P4346,C72
P4347,C5
P4348,C49
P4349,C32
P4350,C156
P4351,C101
P4352,C46
P4353,C147
P4354,C86
P4355,C44
P4356,C31
P4357,C76
P4358,C47
P4359,C137
P4360,C184
P4361,C95
P4362,C128
P4363,C106
P4364,C33
P4365,C123
P4366,C193
P4367,C145
P4368,C171
P4369,C139
P4370,C157
P4371,C9
P4372,C163
P4373,C66
P4374,C96
P4375,C49
P4376,C94
P4377,C25
P4378,C138
P4379,C77
P4380,C124
P4381,C187
P4382,C83
P4383,C161
P4384,C53
P4385,C184
P4386,C188
P4387,C90
P4388,C158
P4389,C63
P4390,C82
P4391,C52
P4392,C66
P4393,C146
P4394,C45
P4395,C36
P4396,C78
P4397,C65
P4398,C113
P4399,C82
P4400,C194
P4401,C162
P4402,C87
P4403,C193
P4404,C154
P4405,C177
P4406,C26
P4407,C151
P4408,C123
P4409,C10
P4410,C2
P4411,C27
P4412,C72
P4413,C186
P4414,C180
P4415,C171
P4416,C165
P4417,C35
P4418,C19
P4419,C10
P4420,C137
P4421,C78
P4422,C26
P4423,C49
P4424,C198
P4425,C10
P4426,C80
P4427,C172
P4428,C124
P4429,C160
P4430,C64
P4431,C188
P4432,C76
P4433,C90
P4434,C135
P4435,C177
P4436,C145
P4437,C125
P4438,C167
P4439,C196
P4440,C123
P4441,C171
P4442,C14
P4443,C101
P4444,C192
P4445,C82
P4446,C30
P4447,C170
P4448,C54
P4449,C23
P4450,C114
P4451,C93
P4452,C195
P4453,C43
P4454,C16
P4455,C185
P4456,C136
P4457,C27
P4458,C13
P4459,C110
P4460,C192
P4461,C55
P4462,C99
P4463,C126
P4464,C190
P4465,C160
P4466,C73
P4467,C86
P4468,C3
P4469,C81
P4470,C101
P4471,C192
P4472,C157
P4473,C172
P4474,C90
P4475,C20
P4476,C52
P4477,C145
P4478,C79
P4479,C156
P4480,C87
P4481,C58
P4482,C130
P4483,C78
P4484,C178
P4485,C12
P4486,C26
P4487,C40
P4488,C31
P4489,C6
P4490,C81
P4491,C4
P4492,C4
P4493,C133
P4494,C136
P4495,C91
P4496,C51
P4497,C53
P4498,C2
P4499,C190
P4500,C165
P4501,C96
P4502,C12
P4503,C126
P4504,C32
P4505,C179
P4506,C20
P4507,C24
P4508,C57
P4509,C7
P4510,C199
P4511,C73
P4512,C138
P4513,C117
P4514,C160
P4515,C14
P4516,C38
P4517,C105
P4518,C59
P4519,C25
P4520,C195
P4521,C128
P4522,C156
P4523,C107
P4524,C21
P4525,C129
P4526,C194
P4527,C30
P4528,C116
P4529,C168
P4530,C184
P4531,C37
P4532,C87
P4533,C194
P4534,C107
P4535,C194
P4536,C161
P4537,C89
P4538,C77
P4539,C163
P4540,C29
P4541,C69
P4542,C112
P4543,C12
P4544,C197
P4545,C142
P4546,C192
P4547,C168
P4548,C159
P4549,C125
P4550,C18
P4551,C98
P4552,C57
P4553,C123
P4554,C194
P4555,C184
P4556,C161
P4557,C83
P4558,C112
P4559,C46
P4560,C192
P4561,C192
P4562,C144
P4563,C56
P4564,C16
P4565,C69
P4566,C162
P4567,C172
P4568,C105
P4569,C144
P4570,C120
P4571,C142
P4572,C149
P4573,C45
P4574,C66
P4575,C76
P4576,C183
P4577,C27
P4578,C25
P4579,C50
P4580,C113
P4581,C186
P4582,C34
P4583,C111
P4584,C181
P4585,C170
P4586,C4
P4587,C2
P4588,C78
P4589,C69
P4590,C63
P4591,C82
P4592,C53
P4593,C126
P4594,C23
P4595,C128
P4596,C32
P4597,C63
P4598,C101
P4599,C19
P4600,C164
P4601,C113
P4602,C6
P4603,C143
P4604,C105
P4605,C150
P4606,C44
P4607,C108
P4608,C75
P4609,C69
P4610,C187
P4611,C188
P4612,C112
P4613,C66
P4614,C14
P4615,C24
P4616,C19
P4617,C188
P4618,C147
P4619,C0
P4620,C78
P4621,C158
P4622,C179
P4623,C50
P4624,C123
P4625,C180
P4626,C1
P4627,C75
P4628,C136
P4629,C82
P4630,C104
P4631,C175
P4632,C179
P4633,C194
P4634,C136
P4635,C113
P4636,C111
P4637,C189
P4638,C6
P4639,C77
P4640,C167
P4641,C142
P4642,C1
P4643,C44
P4644,C54
P4645,C192
P4646,C24
P4647,C110
P4648,C184
P4649,C160
P4650,C10
P4651,C186
P4652,C34
P4653,C129
P4654,C79
P4655,C73
P4656,C58
P4657,C82
P4658,C182
P4659,C27
P4660,C87
P4661,C89
P4662,C13
P4663,C165
P4664,C32
P4665,C190
P4666,C39
P4667,C150
P4668,C28
P4669,C79
P4670,C64
P4671,C100
P4672,C35
P4673,C64
P4674,C167
P4675,C150
P4676,C124
P4677,C106
P4678,C77
P4679,C50
P4680,C144
P4681,C191
P4682,C194
P4683,C184
P4684,C86
P4685,C133
P4686,C197
P4687,C118
P4688,C33
P4689,C77
P4690,C65
P4691,C13
P4692,C90
P4693,C61
P4694,C16
P4695,C132
P4696,C195
P4697,C84
P4698,C7
P4699,C30
P4700,C61
P4701,C0
P4702,C87
P4703,C127
P4704,C36
P4705,C138
P4706,C176
P4707,C126
P4708,C191
P4709,C174
P4710,C102
P4711,C26
P4712,C172
P4713,C140
P4714,C52
P4715,C92
P4716,C1
P4717,C125
P4718,C102
P4719,C124
P4720,C184
P4721,C85
P4722,C16
P4723,C0
P4724,C36
P4725,C143
P4726,C24
P4727,C105
P4728,C25
P4729,C55
P4730,C127
P4731,C110
P4732,C72
P4733,C47
P4734,C129
P4735,C195
P4736,C54
P4737,C143
P4738,C68
P4739,C61
P4740,C140
P4741,C192
P4742,C150
P4743,C102
P4744,C99
P4745,C57
P4746,C117
P4747,C145
P4748,C68
P4749,C50
P4750,C142
P4751,C140
P4752,C181
P4753,C46
P4754,C119
P4755,C68
P4756,C154
P4757,C112
P4758,C129
P4759,C188
P4760,C171
P4761,C38
P4762,C111
P4763,C164
P4764,C190
P4765,C98
P4766,C137
P4767,C88
P4768,C57
P4769,C56
P4770,C145
P4771,C43
P4772,C86
P4773,C144
P4774,C123
P4775,C37
P4776,C110
P4777,C81
P4778,C198
P4779,C3
P4780,C186
P4781,C186
P4782,C159
P4783,C175
P4784,C33
P4785,C139
P4786,C84
P4787,C4
P4788,C189
P4789,C136
P4790,C94
P4791,C47
P4792,C158
P4793,C153
P4794,C189
P4795,C78
P4796,C150
P4797,C117
P4798,C61
P4799,C196
P4800,C72
P4801,C15
P4802,C19
P4803,C4
P4804,C49
P4805,C13
P4806,C74
P4807,C162
P4808,C76
P4809,C71
P4810,C4
P4811,C94
P4812,C6
P4813,C158
P4814,C159
P4815,C76
P4816,C147
P4817,C20
P4818,C132
P4819,C70
P4820,C41
P4821,C9
P4822,C157
P4823,C129
P4824,C195
P4825,C167
P4826,C61
P4827,C10
P4828,C22
P4829,C62
P4830,C48
P4831,C155
P4832,C14
P4833,C88
P4834,C4
P4835,C143
P4836,C146
P4837,C134
P4838,C172
P4839,C54
P4840,C12
P4841,C27
P4842,C181
P4843,C50
P4844,C153
P4845,C74
P4846,C145
P4847,C18
P4848,C149
P4849,C79
P4850,C134
P4851,C121
P4852,C106
P4853,C65
P4854,C102
P4855,C158
P4856,C2
P4857,C185
P4858,C190
P4859,C54
P4860,C62
P4861,C17
P4862,C19
P4863,C155
P4864,C15
P4865,C126
P4866,C2
P4867,C59
P4868,C138
P4869,C6
P4870,C6
P4871,C124
P4872,C124
P4873,C73
P4874,C67
P4875,C172
P4876,C139
P4877,C197
P4878,C53
P4879,C188
P4880,C103
P4881,C46
P4882,C75
P4883,C160
P4884,C32
P4885,C1
P4886,C42
P4887,C172
P4888,C53
P4889,C165
P4890,C76
P4891,C105
P4892,C15
P4893,C113
P4894,C63
P4895,C48
P4896,C157
P4897,C139
P4898,C31
P4899,C146
P4900,C107
P4901,C102
P4902,C103
P4903,C86
P4904,C150
P4905,C156
P4906,C109
P4907,C65
P4908,C130
P4909,C12
P4910,C127
P4911,C58
P4912,C14
P4913,C163
P4914,C29
P4915,C180
P4916,C77
P4917,C154
P4918,C72
P4919,C29
P4920,C63
P4921,C22
P4922,C25
P4923,C144
P4924,C80
P4925,C51
P4926,C92
P4927,C168
P4928,C22
P4929,C7
P4930,C157
P4931,C2
P4932,C107
P4933,C130
P4934,C128
P4935,C19
P4936,C9
P4937,C149
P4938,C176
P4939,C103
P4940,C143
P4941,C28
P4942,C185
P4943,C70
P4944,C70
P4945,C90
P4946,C139
P4947,C68
P4948,C124
P4949,C77
P4950,C121
P4951,C156
P4952,C157
P4953,C143
P4954,C15
P4955,C35
P4956,C95
P4957,C43
P4958,C145
P4959,C2
P4960,C168
P4961,C70
P4962,C93
P4963,C115
P4964,C49
P4965,C6
P4966,C199
P4967,C149
P4968,C59
P4969,C57
P4970,C153
P4971,C48
P4972,C60
P4973,C170
P4974,C135
P4975,C154
P4976,C149
P4977,C38
P4978,C110
P4979,C96
P4980,C41
P4981,C58
P4982,C179
P4983,C1
P4984,C60
P4985,C95
P4986,C9
P4987,C115
P4988,C171
P4989,C115
P4990,C113
P4991,C140
P4992,C98
P4993,C33
P4994,C102
P4995,C49
P4996,C68
P4997,C181
P4998,C0
P4999,C29
